frame_row,slug,event_slug,expand
4,will-volodymyr-zelenskyy-be-ukraines-president-on-april-22-2022,will-volodymyr-zelenskyy-be-ukraines-president-on-april-22-2022,0
48,will-ukraine-sever-the-land-bridge-between-crimea-and-russia-before-nov-1,will-ukraine-sever-the-land-bridge-between-crimea-and-russia-before-nov-1,0
49,will-putin-remain-president-of-russia-through-2023,will-putin-remain-president-of-russia-through-2023,0
51,russian-coup-putin-vs-wagner,russian-coup-putin-vs-wagner,0
61,will-russia-ukraine-declare-a-ceasefire-by-eoy,will-russia-ukraine-declare-a-ceasefire-by-eoy,0
401,will-trump-meet-with-putin-by-march-31,will-trump-meet-with-putin-again-by,0
691,will-trump-meet-with-volodymyr-zelenskyy-in-january-2026,who-will-trump-meet-with-in-january,0
1073,will-trump-talk-to-vladimir-putin-in-april,who-will-trump-talk-to-in-april,0
1107,will-russia-capture-huliaipilske-by-april-30,will-russia-capture-huliaipilske-by,0
